{"model_encoding": {"heat_annual_scaled": {"attr": {"x_data_columns": ["heat_load", "hours_storage"], "x_data": [[0.5789473684210527, 1.0], [1.0, 0.44], [0.2631578947368421, 1.0], [0.21052631578947367, 0.76], [0.21052631578947367, 0.92], [0.3684210526315789, 0.88], [0.8947368421052632, 0.12], [0.47368421052631576, 0.2], [0.9473684210526315, 1.0], [0.3684210526315789, 0.04], [0.47368421052631576, 0.28], [0.5789473684210527, 0.48], [0.8947368421052632, 0.0], [0.15789473684210525, 0.8], [0.15789473684210525, 0.84], [0.3157894736842105, 0.4], [0.15789473684210525, 0.0], [1.0, 0.0], [0.8947368421052632, 0.68], [0.3157894736842105, 0.08], [0.42105263157894735, 0.08], [0.5789473684210527, 0.2], [0.9473684210526315, 0.52], [0.05263157894736842, 0.0], [0.10526315789473684, 0.08], [0.631578947368421, 0.44], [0.2631578947368421, 0.04], [0.5789473684210527, 0.12], [0.9473684210526315, 0.56], [0.631578947368421, 0.36], [0.7894736842105263, 0.0], [0.6842105263157895, 0.12], [0.21052631578947367, 0.32], [0.631578947368421, 0.4], [0.9473684210526315, 0.2], [0.21052631578947367, 0.8], [0.05263157894736842, 0.96], [0.21052631578947367, 0.4], [0.7894736842105263, 0.6], [0.21052631578947367, 0.44], [0.5263157894736842, 0.56], [0.631578947368421, 0.2], [0.3157894736842105, 0.92], [0.631578947368421, 0.92], [0.7368421052631579, 0.12], [0.05263157894736842, 0.64], [0.631578947368421, 0.48], [0.15789473684210525, 0.52], [0.9473684210526315, 0.72], [0.42105263157894735, 0.56], [0.631578947368421, 0.28], [0.2631578947368421, 0.28], [0.8421052631578947, 0.92], [0.15789473684210525, 0.04], [0.6842105263157895, 0.56], [0.0, 0.84], [0.8421052631578947, 0.52], [0.6842105263157895, 0.64], [0.42105263157894735, 0.8], [0.15789473684210525, 0.64], [0.9473684210526315, 0.08], [1.0, 0.8], [0.10526315789473684, 0.92], [0.15789473684210525, 0.96], [0.5789473684210527, 0.68], [0.8947368421052632, 0.8], [0.5263157894736842, 0.72], [1.0, 0.04], [0.3684210526315789, 0.08], [0.631578947368421, 0.52], [1.0, 0.32], [0.5789473684210527, 0.84], [0.21052631578947367, 0.08], [0.7368421052631579, 0.92], [0.47368421052631576, 0.52], [0.2631578947368421, 0.52], [0.47368421052631576, 0.6], [0.47368421052631576, 1.0], [0.10526315789473684, 0.36], [0.631578947368421, 0.16]], "centres": [[0.5789473684210527, 1.0], [1.0, 0.44], [0.2631578947368421, 1.0], [0.21052631578947367, 0.76], [0.21052631578947367, 0.92], [0.3684210526315789, 0.88], [0.8947368421052632, 0.12], [0.47368421052631576, 0.2], [0.9473684210526315, 1.0], [0.3684210526315789, 0.04], [0.47368421052631576, 0.28], [0.5789473684210527, 0.48], [0.8947368421052632, 0.0], [0.15789473684210525, 0.8], [0.15789473684210525, 0.84], [0.3157894736842105, 0.4], [0.15789473684210525, 0.0], [1.0, 0.0], [0.8947368421052632, 0.68], [0.3157894736842105, 0.08], [0.42105263157894735, 0.08], [0.5789473684210527, 0.2], [0.9473684210526315, 0.52], [0.05263157894736842, 0.0], [0.10526315789473684, 0.08], [0.631578947368421, 0.44], [0.2631578947368421, 0.04], [0.5789473684210527, 0.12], [0.9473684210526315, 0.56], [0.631578947368421, 0.36], [0.7894736842105263, 0.0], [0.6842105263157895, 0.12], [0.21052631578947367, 0.32], [0.631578947368421, 0.4], [0.9473684210526315, 0.2], [0.21052631578947367, 0.8], [0.05263157894736842, 0.96], [0.21052631578947367, 0.4], [0.7894736842105263, 0.6], [0.21052631578947367, 0.44], [0.5263157894736842, 0.56], [0.631578947368421, 0.2], [0.3157894736842105, 0.92], [0.631578947368421, 0.92], [0.7368421052631579, 0.12], [0.05263157894736842, 0.64], [0.631578947368421, 0.48], [0.15789473684210525, 0.52], [0.9473684210526315, 0.72], [0.42105263157894735, 0.56], [0.631578947368421, 0.28], [0.2631578947368421, 0.28], [0.8421052631578947, 0.92], [0.15789473684210525, 0.04], [0.6842105263157895, 0.56], [0.0, 0.84], [0.8421052631578947, 0.52], [0.6842105263157895, 0.64], [0.42105263157894735, 0.8], [0.15789473684210525, 0.64], [0.9473684210526315, 0.08], [1.0, 0.8], [0.10526315789473684, 0.92], [0.15789473684210525, 0.96], [0.5789473684210527, 0.68], [0.8947368421052632, 0.8], [0.5263157894736842, 0.72], [1.0, 0.04], [0.3684210526315789, 0.08], [0.631578947368421, 0.52], [1.0, 0.32], [0.5789473684210527, 0.84], [0.21052631578947367, 0.08], [0.7368421052631579, 0.92], [0.47368421052631576, 0.52], [0.2631578947368421, 0.52], [0.47368421052631576, 0.6], [0.47368421052631576, 1.0], [0.10526315789473684, 0.36], [0.631578947368421, 0.16]], "basis_function": "gaussian", "weights": [[-257.7063083575049], [624.6206084285586], [51.591142069283705], [100.0799281784548], [113.79993491527966], [81.87464105290928], [139.6214282344945], [-130.9945332909083], [-70.23968177077677], [26.61493765443447], [-148.56237806501304], [171.48602033563293], [-25.868070727454324], [-53.413422471250215], [-60.71208906086213], [-18.05712901905281], [-179.78698101156533], [-251.16453507673577], [-110.92009217712621], [64.28894435388429], [83.07381821454692], [-248.66753028875428], [-63.3560458409047], [40.864034503058974], [36.19546515066395], [411.77097605832023], [6.7255108343633765], [80.5293327197005], [-338.8319766916502], [52.99507189341966], [-69.07193092738726], [68.75900074815581], [-25.584290988279463], [225.7919741576443], [-408.7837742643824], [110.47317471724818], [-98.41496019082956], [121.24805759016272], [-122.4980858039471], [200.60473656272507], [-143.02886737091467], [-233.6391612724292], [-131.07249643182877], [116.99016901705181], [205.18430162682853], [-58.21474930374461], [380.39777677825987], [-8.312374512434644], [-206.66738965932745], [-225.75990619079312], [-234.16340465394023], [-85.81354088835997], [-70.1024253105279], [5.440603494019342], [-110.83002681330254], [65.52917525713383], [-29.47196333267493], [-146.2786973844486], [-40.32657836515136], [-78.36091087112595], [235.46952973439693], [127.43738222185311], [53.141246136887275], [-39.50881684599517], [-197.41907090320092], [241.0262957844243], [-25.1766298275179], [241.64540080751976], [104.87840550165492], [114.85708208743745], [-226.63484014558344], [52.53649326219784], [59.50251494440886], [269.48018490204413], [69.21701187809958], [-9.957422012039387], [-96.94562394504828], [67.90749819592384], [-76.60713334420143], [-66.27479751544706]], "sigma": 1.0, "regularization_parameter": 1e-05, "rmse": 0.001699617656534108, "R2": 0.9999614782769842, "x_data_min": [[10.0, 0.0]], "x_data_max": [[200.0, 25.0]], "y_data_min": [0.5510045650952647], "y_data_max": [10.65835209891732]}, "map": {"x_data_columns": "list", "x_data": "numpy", "centres": "numpy", "basis_function": "str", "weights": "numpy", "sigma": "str", "regularization_parameter": "str", "rmse": "str", "R2": "str", "x_data_min": "numpy", "x_data_max": "numpy", "y_data_min": "numpy", "y_data_max": "numpy"}}, "electricity_annual_scaled": {"attr": {"x_data_columns": ["heat_load", "hours_storage"],